{
	"$schema": "https://schemas.wp.org/trunk/theme.json",
	"version": 2,
	"title": "🍫 Dark",
	"settings": {
		"color": {
			"palette": [
				{
					"color": "#78716C",
					"name": "Primary",
					"slug": "primary"
				},
				{
					"color": "#A1A1AA",
					"name": "Mono 2",
					"slug": "mono-2"
				},
				{
					"color": "#FFFFFF",
					"name": "Contrast Light",
					"slug": "contrast-light"
				},
				{
					"color": "#000000",
					"name": "Contrast Dark",
					"slug": "contrast-dark"
				},
				{
					"color": "#1C1917",
					"name": "Base",
					"slug": "base"
				},
				{
					"color": "#FAFAF9",
					"name": "Mono 1",
					"slug": "mono-1"
				},
				{
					"color": "#44403C",
					"name": "Mono 3",
					"slug": "mono-3"
				},
				{
					"color": "#231F1D",
					"name": "Mono 4",
					"slug": "mono-4"
				},
				{
					"color": "#A8A29E",
					"name": "Primary Hover",
					"slug": "primary-hover"
				},
				{
					"color": "#78716C",
					"name": "Featured",
					"slug": "featured"
				}
			]
		}
	}
}
