{
	"$schema": "https://schemas.wp.org/trunk/theme.json",
	"version": 2,
	"title": "🌹 Rose",
	"settings": {
		"color": {
			"palette": [
				{
					"color": "#E11D48",
					"name": "Primary",
					"slug": "primary"
				},
				{
					"color": "#865B68",
					"name": "Mono 2",
					"slug": "mono-2"
				},
				{
					"color": "#FFFFFF",
					"name": "Contrast Light",
					"slug": "contrast-light"
				},
				{
					"color": "#000000",
					"name": "Contrast Dark",
					"slug": "contrast-dark"
				},
				{
					"color": "#FFF1F2",
					"name": "Base",
					"slug": "base"
				},
				{
					"color": "#881337",
					"name": "Mono 1",
					"slug": "mono-1"
				},
				{
					"color": "#FCD2D7",
					"name": "Mono 3",
					"slug": "mono-3"
				},
				{
					"color": "#FFE4E6",
					"name": "Mono 4",
					"slug": "mono-4"
				},
				{
					"color": "#F43F5E",
					"name": "Primary Hover",
					"slug": "primary-hover"
				},
				{
					"color": "#F43F5E",
					"name": "Featured",
					"slug": "featured"
				}
			]
		}
	}
}

